CREATE TABLE "tbl_structure" (
structureid INT NOT NULL PRIMARY KEY,
name VARCHAR(50) NOT NULL,
definition VARCHAR(500) NOT NULL
);

CREATE TABLE "tbl_cardinal_part_of_multi_tissue_plant_structure" (
structureid INT NOT NULL PRIMARY KEY,
structure VARCHAR(50) NOT NULL,
definition VARCHAR(500) NOT NULL,
sub_structure VARCHAR(50) NOT NULL,
sub_definition VARCHAR(500) NOT NULL
);

CREATE TABLE "tbl_collective_plant_structure" (
structureid INT NOT NULL PRIMARY KEY,
structure VARCHAR(50) NOT NULL,
definition VARCHAR(500) NOT NULL,
sub_structure VARCHAR(50) NOT NULL,
sub_definition VARCHAR(500) NOT NULL,
sub_type VARCHAR(50) NOT NULL,
sub_type_definition VARCHAR(500)NOT NULL
);

CREATE TABLE "tbl_embryo_plant_structure" (
structureid INT NOT NULL PRIMARY KEY,
structure VARCHAR(50) NOT NULL,
definition VARCHAR(500) NOT NULL
);

CREATE TABLE "tbl_in_vitro_plant_structure" (
structureid INT NOT NULL PRIMARY KEY,
structure VARCHAR(50) NOT NULL,
definition VARCHAR(500) NOT NULL,
sub_structure VARCHAR(50) NOT NULL,
sub_definition VARCHAR(500) NOT NULL
);

CREATE TABLE "tbl_multi_tissue_plant_structure" (
structureid INT NOT NULL PRIMARY KEY,
structure VARCHAR(50) NOT NULL,
definition VARCHAR(500) NOT NULL,
sub_structure VARCHAR(50) NOT NULL,
sub_definition VARCHAR(500) NOT NULL,
sub_type VARCHAR(50) NOT NULL,
sub_type_definition VARCHAR(500)NOT NULL
);

CREATE TABLE "tbl_plant_cell" (
structureid INT NOT NULL PRIMARY KEY,
structure VARCHAR(50) NOT NULL,
definition VARCHAR(500) NOT NULL,
sub_structure VARCHAR(50) NOT NULL,
sub_definition VARCHAR(500) NOT NULL
);


CREATE TABLE "tbl_portion_of_plant_tissue" (
structureid INT NOT NULL PRIMARY KEY,
structure VARCHAR(50) NOT NULL,
definition VARCHAR(500) NOT NULL,
sub_structure VARCHAR(50) NOT NULL,
sub_definition VARCHAR(500) NOT NULL
);


CREATE TABLE "tbl_rhizoid" (
structureid INT NOT NULL PRIMARY KEY,
structure VARCHAR(50) NOT NULL,
definition VARCHAR(500) NOT NULL,
sub_structure VARCHAR(50) NOT NULL,
sub_definition VARCHAR(500) NOT NULL
);

CREATE TABLE "tbl_trichome" (
structureid INT NOT NULL PRIMARY KEY,
structure VARCHAR(50) NOT NULL,
definition VARCHAR(500) NOT NULL,
sub_structure VARCHAR(50) NOT NULL,
sub_definition VARCHAR(500) NOT NULL
);

CREATE TABLE "tbl_trichome_apex" (
structureid INT NOT NULL PRIMARY KEY,
structure VARCHAR(50) NOT NULL,
definition VARCHAR(500) NOT NULL
);

CREATE TABLE "tbl_trichome_tip" (
structureid INT NOT NULL PRIMARY KEY,
structure VARCHAR(50) NOT NULL,
definition VARCHAR(500) NOT NULL
);

CREATE TABLE "tbl_whole_plant" (
structureid INT NOT NULL PRIMARY KEY,
structure VARCHAR(50) NOT NULL,
definition VARCHAR(500) NOT NULL,
sub_structure VARCHAR(50) NOT NULL,
sub_definition VARCHAR(500) NOT NULL
);

INSERT INTO "tbl_structure"
(structureid,name,definition) VALUES
(1,'cardinal part of multi-tissue plant structure','A plant structure that is a proper part of a multi-tissue plant structure and includes portions of plant tissues of at least two different types.'),
(2,'collective plant structure','A plant structure that is a proper part of a whole plant and includes two or more adjacent plant organs or adjacent cardinal organ parts, along with any associated portions of plant tissue.'),
(3,'embryo plant structure','A plant structure that is part of an plant embryo.'),
(4,'in vitro plant structure','A plant structure that is grown or maintained in vitro.'),
(5,'multi-tissue plant structure','A plant structure that has as parts two or more portions of plant tissue of at least two different types and which through specific morphogenetic processes forms a single structural unit demarcated by primarily bona-fide boundaries from other structural units of different types.'),
(6,'plant cell','A cell which is a plant structure.'),
(7,'plant ovary','A plant structure that is the basal portion of a carpel or group of fused carpels (gynoecium; and encloses the plant ovule(s).'),
(8,'portion of plant tissue','A plant structure that consists predominantly of similarly specialized plant cells of one or more types.'),
(9,'rhizoid','A plant structure that is a uniseriate filament with positive geotropism that grows from an epidermis or protonema.'),
(10,'trichome','A unicellular or multicellular plant structure that forms a non-sclerified outgrowth from the epidermis.'),
(11,'trichome apex','A plant structure that is the apical most portion of a trichome.'),
(12,'trichome tip','A plant structure that is the apical most portion of a trichome apex.'),
(13,'whole plant','A plant structure which is a whole organism.');



INSERT INTO "tbl_cardinal_part_of_multi_tissue_plant_structure"
(structureid,structure,definition,sub_structure,sub_definition) VALUES
(1,'arilloid','A cardinal part of multi-tissue plant structure that is a fleshy outgrowth of a seed.','aril','An arilloid that is an outgrowth of a seed from a seed funicle.'),
(2,'arilloid','A cardinal part of multi-tissue plant structure that is a fleshy outgrowth of a seed.','arillode','An arilloid that is an elaborate outgrowth of a seed at the micropylar end.'),
(3,'arilloid','A cardinal part of multi-tissue plant structure that is a fleshy outgrowth of a seed.','caruncle','An arilloid that is an outgrowth of a seed next to the micropyle.'),
(4,'arilloid','A cardinal part of multi-tissue plant structure that is a fleshy outgrowth of a seed.','strophiole','An arilloid that is an outgrowth of a seed on a raphe.'),
(5,'cardinal organ part','A cardinal part of multi-tissue plant structure that is a proper part of a plant organ and includes portions of plant tissue of at least two different types.','antheredium head','A disk-shaped cardinal organ part that is the apical portion of an antheridiophore and bears antheridia.'),
(6,'cardinal organ part','A cardinal part of multi-tissue plant structure that is a proper part of a plant organ and includes portions of plant tissue of at least two different types.','antiraphe','A cardinal organ part that is the part of a plant ovule on the opposite side from a raphe.'),
(7,'cardinal organ part','A cardinal part of multi-tissue plant structure that is a proper part of a plant organ and includes portions of plant tissue of at least two different types.','apical hook','Hook-like structure which develops at the apical part of the hypocotyl in dark-grown seedlings in dicots.'),
(8,'cardinal organ part','A cardinal part of multi-tissue plant structure that is a proper part of a plant organ and includes portions of plant tissue of at least two different types.','archegonium head','An umbrella-shaped cardinal organ part that is the apical portion of an archegoniophore and bears archegonia.'),
(9,'cardinal organ part','A cardinal part of multi-tissue plant structure that is a proper part of a plant organ and includes portions of plant tissue of at least two different types.','archegonium neck','A cardinal organ part that is the elongated, apical part of an archegonium.'),
(10,'cardinal organ part','A cardinal part of multi-tissue plant structure that is a proper part of a plant organ and includes portions of plant tissue of at least two different types.','awn','A cardinal organ part that is a slender, more or less straight and stiff, fine-pointed, terminal or subterminal appendage of a glume, lemma, or palea.'),
(11,'cardinal organ part','A cardinal part of multi-tissue plant structure that is a proper part of a plant organ and includes portions of plant tissue of at least two different types.','cambial zone','A cardinal organ part that is part of a plant axis and has as parts a cambium and adjacent cells.'),
(12,'cardinal organ part','A cardinal part of multi-tissue plant structure that is a proper part of a plant organ and includes portions of plant tissue of at least two different types.','central zone of the leaf lamina','Region that includes the widest or majority portion of leaf lamina and that does not include leaf apex and leaf lamina base.'),
(13,'cardinal organ part','A cardinal part of multi-tissue plant structure that is a proper part of a plant organ and includes portions of plant tissue of at least two different types.','central zone of the petiole','Regions of the petiole that does not include petiole distal end and petiole proximal end.'),
(14,'cardinal organ part','A cardinal part of multi-tissue plant structure that is a proper part of a plant organ and includes portions of plant tissue of at least two different types.','connective','The part of the stamen that connects the microsporangia/pollen sacs.'),
(15,'cardinal organ part','A cardinal part of multi-tissue plant structure that is a proper part of a plant organ and includes portions of plant tissue of at least two different types.','egg apparatus','A cardinal organ part that has as parts an egg cell and two synergids and is located at the micropylar end of the embryo sac.'),
(16,'cardinal organ part','A cardinal part of multi-tissue plant structure that is a proper part of a plant organ and includes portions of plant tissue of at least two different types.','elaiosome','A cardinal organ part that is an oil-secreting outgrowth of a seed or fruit.'),
(17,'cardinal organ part','A cardinal part of multi-tissue plant structure that is a proper part of a plant organ and includes portions of plant tissue of at least two different types.','hydathode','A cardinal organ part that releases water through a hydathode pore.'),
(18,'cardinal organ part','A cardinal part of multi-tissue plant structure that is a proper part of a plant organ and includes portions of plant tissue of at least two different types.','hypanthium','A cup- or tube-shaped cardinal organ part, bearing perianth and stamens on its rim, so these arise above the base, and often above the top, of the ovary.'),
(19,'cardinal organ part','A cardinal part of multi-tissue plant structure that is a proper part of a plant organ and includes portions of plant tissue of at least two different types.','hyperphyll','The unifacial terete apical portion of a monocot cotyledon, sometimes also visible on other leaves.'),
(20,'cardinal organ part','A cardinal part of multi-tissue plant structure that is a proper part of a plant organ and includes portions of plant tissue of at least two different types.','hypocotyl-root junction','A cardinal organ part that is the part of a plant axis where a radicle joins a hypocotyl.'),
(21,'cardinal organ part','A cardinal part of multi-tissue plant structure that is a proper part of a plant organ and includes portions of plant tissue of at least two different types.','leaf lamina base','The region of the leaf lamina proximal to the stem and usually connected to it by means of a petiole.'),
(22,'cardinal organ part','A cardinal part of multi-tissue plant structure that is a proper part of a plant organ and includes portions of plant tissue of at least two different types.','leaf sheat','A cardinal organ part that is the lower part of a vascular leaf, and which more or less encases the stem.'),
(23,'cardinal organ part','A cardinal part of multi-tissue plant structure that is a proper part of a plant organ and includes portions of plant tissue of at least two different types.','leaf sheat auricle','A cardinal organ part that is an ear-shaped outgrowth of the distal part of a leaf sheath.'),
(24,'cardinal organ part','A cardinal part of multi-tissue plant structure that is a proper part of a plant organ and includes portions of plant tissue of at least two different types.','leaf sheat margin','A cardinal organ part that is the edge of a laminar portion of a leaf sheath and the area immediately internally adjacent to it.'),
(25,'cardinal organ part','A cardinal part of multi-tissue plant structure that is a proper part of a plant organ and includes portions of plant tissue of at least two different types.','leaflet','A cardinal organ part that is one of the ultimate segments of a compound leaf.'),
(26,'cardinal organ part','A cardinal part of multi-tissue plant structure that is a proper part of a plant organ and includes portions of plant tissue of at least two different types.','leaflet margin','A cardinal organ part that is the edge of a leaflet and the area immediately internally adjacent to it.'),
(27,'cardinal organ part','A cardinal part of multi-tissue plant structure that is a proper part of a plant organ and includes portions of plant tissue of at least two different types.','lemma apiculus','A cardinal organ part which is a short, abrupt, flexible point at the apex of the lemma.'),
(28,'cardinal organ part','A cardinal part of multi-tissue plant structure that is a proper part of a plant organ and includes portions of plant tissue of at least two different types.','ligule','A membranous or hairy appendage on the adaxial/upper surface of a leaf, at the junction between sheath and blade, especially in grasses.'),
(29,'cardinal organ part','A cardinal part of multi-tissue plant structure that is a proper part of a plant organ and includes portions of plant tissue of at least two different types.','palea apiculus','A cardinal organ part which is a short, abrupt, flexible point at the apex of the palea.'),
(30,'cardinal organ part','A cardinal part of multi-tissue plant structure that is a proper part of a plant organ and includes portions of plant tissue of at least two different types.','pappus element','A cardinal organ part that is a segment of a pappus.'),
(31,'cardinal organ part','A cardinal part of multi-tissue plant structure that is a proper part of a plant organ and includes portions of plant tissue of at least two different types.','peristome','A single or double circle of peristome teeth inside a sporangium mouth.'),
(32,'cardinal organ part','A cardinal part of multi-tissue plant structure that is a proper part of a plant organ and includes portions of plant tissue of at least two different types.','peristome tooth','A cardinal organ part that is a single lobe of a peristome.'),
(33,'cardinal organ part','A cardinal part of multi-tissue plant structure that is a proper part of a plant organ and includes portions of plant tissue of at least two different types.','petal spur','A cardinal organ part that is a slender, hollow extension of a petal.'),
(34,'cardinal organ part','A cardinal part of multi-tissue plant structure that is a proper part of a plant organ and includes portions of plant tissue of at least two different types.','petiole distal end','The region of the petiole distal to its stem attachment site or proximal to the leaf lamina.'),
(35,'cardinal organ part','A cardinal part of multi-tissue plant structure that is a proper part of a plant organ and includes portions of plant tissue of at least two different types.','petiole margin','A cardinal organ part that is the edge of a petiole lamina and the area immediately internally adjacent to it.'),
(36,'cardinal organ part','A cardinal part of multi-tissue plant structure that is a proper part of a plant organ and includes portions of plant tissue of at least two different types.','petiole proximal end','The region of the petiole proximal to its stem attachment site.'),
(37,'cardinal organ part','A cardinal part of multi-tissue plant structure that is a proper part of a plant organ and includes portions of plant tissue of at least two different types.','phyllome apex','The apical portion of a phyllome.'),
(38,'cardinal organ part','A cardinal part of multi-tissue plant structure that is a proper part of a plant organ and includes portions of plant tissue of at least two different types.','phyllome base','The basal part of a phyllome, where it attaches to a shoot axis.'),
(39,'cardinal organ part','A cardinal part of multi-tissue plant structure that is a proper part of a plant organ and includes portions of plant tissue of at least two different types.','phyllome lamina areole','A cardinal organ part that is part of a phyllome lamina and is completely surrounded by phyllome lamina veins and cannot be divided into any smaller parts that are completely surrounded by phyllome lamina veins.'),
(40,'cardinal organ part','A cardinal part of multi-tissue plant structure that is a proper part of a plant organ and includes portions of plant tissue of at least two different types.','phyllome lamina crema','A cardinal organ part that is a rounded projection on a phyllome margin for which the corresponding phyllome sinus extends less than one quarter of the distance to the center of the long axis of the phyllome lamina.'),
(41,'cardinal organ part','A cardinal part of multi-tissue plant structure that is a proper part of a plant organ and includes portions of plant tissue of at least two different types.','phyllome lamina lobe','A cardinal organ part that is a projection on a phyllome margin for which the corresponding phyllome sinus extends one quarter or more of the distance to the center of the long axis of the phyllome lamina.'),
(42,'cardinal organ part','A cardinal part of multi-tissue plant structure that is a proper part of a plant organ and includes portions of plant tissue of at least two different types.','phyllome lamina tooth','A cardinal organ part that is an angular projection on a phyllome margin for which the corresponding phyllome sinus extends less than one quarter of the distance to the center of the long axis of the phyllome lamina.'),
(43,'cardinal organ part','A cardinal part of multi-tissue plant structure that is a proper part of a plant organ and includes portions of plant tissue of at least two different types.','phyllome tip','The apical most portion of a phyllome apex.'),
(44,'cardinal organ part','A cardinal part of multi-tissue plant structure that is a proper part of a plant organ and includes portions of plant tissue of at least two different types.','plant axis differentiation zone','A cardinal organ part that is part of a plant axis and is located behind the elongation zone and contains cells that are differentiating into their final form and function.'),
(45,'cardinal organ part','A cardinal part of multi-tissue plant structure that is a proper part of a plant organ and includes portions of plant tissue of at least two different types.','plant axis elongation zone','A cardinal organ part which is part of a plant axis, is located proximal to an apical meristem, and in which plant cells are undergoing longitudinal expansion.'),
(46,'cardinal organ part','A cardinal part of multi-tissue plant structure that is a proper part of a plant organ and includes portions of plant tissue of at least two different types.','plant organ margin','A cardinal organ part that is the edge of a plant organ and the area immediately internally adjacent to it.'),
(47,'cardinal organ part','A cardinal part of multi-tissue plant structure that is a proper part of a plant organ and includes portions of plant tissue of at least two different types.','pulvinus','A cardinal organ part at the apex or base of a petiole, petiolule, leaf sheath, or branch that is differentiated from the remaining organ parts by its enlarged cross section.'),
(48,'cardinal organ part','A cardinal part of multi-tissue plant structure that is a proper part of a plant organ and includes portions of plant tissue of at least two different types.','raphe','A cardinal organ part that is a ridge on a plant ovule where a funicle is or was fused to the ovule.'),
(49,'cardinal organ part','A cardinal part of multi-tissue plant structure that is a proper part of a plant organ and includes portions of plant tissue of at least two different types.','receptacle','A cardinal organ part that is the region at the distal end of either a peduncle or a pedicel where the floral appendages (e.g.: sepals, petals, stamens and pistils) are attached.'),
(50,'cardinal organ part','A cardinal part of multi-tissue plant structure that is a proper part of a plant organ and includes portions of plant tissue of at least two different types.','root nodule','A cardinal organ part that is an outgrowth of a root and is inhabited by nitrogen-fixing bacteria.'),
(51,'cardinal organ part','A cardinal part of multi-tissue plant structure that is a proper part of a plant organ and includes portions of plant tissue of at least two different types.','root tip','A cardinal organ part which is the apical portion of the root, and includes the root apical meristem and root cap.'),
(52,'cardinal organ part','A cardinal part of multi-tissue plant structure that is a proper part of a plant organ and includes portions of plant tissue of at least two different types.','shoot axis internode','A cardinal organ part of a shoot axis that is between two shoot axis nodes.'),
(53,'cardinal organ part','A cardinal part of multi-tissue plant structure that is a proper part of a plant organ and includes portions of plant tissue of at least two different types.','shoot axis node','A cardinal organ part of a shoot axis where a bud may form and develop into a branch, leaf, flower, inflorescence or nodal root.'),
(54,'cardinal organ part','A cardinal part of multi-tissue plant structure that is a proper part of a plant organ and includes portions of plant tissue of at least two different types.','sporangium base','A cardinal organ part that is the basal (distal) part of a sporangium.'),
(55,'cardinal organ part','A cardinal part of multi-tissue plant structure that is a proper part of a plant organ and includes portions of plant tissue of at least two different types.','sporangium theca','A cardinal organ part that is the main body of a sporangium and has spores located in it.'),
(56,'cardinal organ part','A cardinal part of multi-tissue plant structure that is a proper part of a plant organ and includes portions of plant tissue of at least two different types.','sporangium wall','A cardinal organ part that is composed of the outer layers of a sporangium and bounds the archesporium or plant spores.'),
(57,'cardinal organ part','A cardinal part of multi-tissue plant structure that is a proper part of a plant organ and includes portions of plant tissue of at least two different types.','spore capsule calyptra','A cardinal organ partthat develops from an archegonium and is a cap or hood enclosing the sporangium (syn: spore capsule).'),
(58,'cardinal organ part','A cardinal part of multi-tissue plant structure that is a proper part of a plant organ and includes portions of plant tissue of at least two different types.','spore capsule operculum','A cardinal organ part that is the apical part of a spore capsule that separates from the rest of the capsule during dehiscence.'),
(59,'cardinal organ part','A cardinal part of multi-tissue plant structure that is a proper part of a plant organ and includes portions of plant tissue of at least two different types.','stalk','A cardinal organ part that is elongated and sub-cylindrical to cylindrical and supports another cardinal organ part.'),
(60,'cardinal organ part','A cardinal part of multi-tissue plant structure that is a proper part of a plant organ and includes portions of plant tissue of at least two different types.','stele','A cardinal organ part that is the central column of a plant axis that consists of the primary vascular tissue and associated ground tissue.'),
(61,'cardinal organ part','A cardinal part of multi-tissue plant structure that is a proper part of a plant organ and includes portions of plant tissue of at least two different types.','stem base','The basal part of stem.'),
(62,'cardinal organ part','A cardinal part of multi-tissue plant structure that is a proper part of a plant organ and includes portions of plant tissue of at least two different types.','stigma','A cardinal organ part, usually apical, that is part of a carpel or group of fused carpels on which the pollen germinates.'),
(63,'cardinal organ part','A cardinal part of multi-tissue plant structure that is a proper part of a plant organ and includes portions of plant tissue of at least two different types.','stipel','Stipule-like appendage(s) at the base of a leaflet (in unifoliolate or simple leaves, found at the top of the petiole).'),
(64,'cardinal organ part','A cardinal part of multi-tissue plant structure that is a proper part of a plant organ and includes portions of plant tissue of at least two different types.','stipule','A cardinal organ part that is an appendage at the base of a vascular leaf.'),
(65,'cardinal organ part','A cardinal part of multi-tissue plant structure that is a proper part of a plant organ and includes portions of plant tissue of at least two different types.','style','A cardinal organ part which is an elongated part of a carpel or gynoecium between the plant ovary and the stigma, and through which the pollen tube grows.'),
(66,'cardinal organ part','A cardinal part of multi-tissue plant structure that is a proper part of a plant organ and includes portions of plant tissue of at least two different types.','transition zone','A region of the root between the meristem and the region of rapid elongation in which isodiametric growth (cell expansion) occurs.'),
(67,'cardinal organ part','A cardinal part of multi-tissue plant structure that is a proper part of a plant organ and includes portions of plant tissue of at least two different types.','valve','A cardinal organ part that is a part of a plant structure that splits apart when the structure dehisces.'),
(68,'cardinal organ part','A cardinal part of multi-tissue plant structure that is a proper part of a plant organ and includes portions of plant tissue of at least two different types.','venter','A cardinal organ part that is the enlarged basal part of an archegonium and has an archegonium egg cell located in it.'),
(69,'fruit distal end','A cardinal part of multi-tissue plant structure that is the end of a fruit distal from a fruit pedicel.','null','null'),
(70,'fruit proximal end','A cardinal part of multi-tissue plant structure that is the end of a fruit proximal to a fruit pedicel.','null','null'),
(71,'hilum','A cardinal part of multi-tissue plant structure that is a scar on a seed at the place where it was attached to a funicle.','null','null'),
(72,'lamina','A cardinal part of multi-tissue plant structure that is thin and flat.','petiole lamina','A lamina that is part of a petiole.'),
(73,'lamina','A cardinal part of multi-tissue plant structure that is thin and flat.','plant organ lamina','A lamina that is part of a plant organ.'),
(74,'mericarp','A cardinal part of multi-tissue plant structure which is one carpellate unit of a schizocarp fruit consisting of pericarp and one or more seeds.','null','null'),
(75,'seed funicle','A cardinal part of multi-tissue plant structure that is attached to a seed and is the remnants of a funicle.','null','null'),
(76,'seed raphe','A cardinal part of multi-tissue plant structure that is a ridge on a seed that develops from a raphe.','null','null'),
(77,'silk scar','A cardinal part of multi-tissue plant structure which is composed of the shriveled remains of the silk, and the base of the style, and is located on the distal end of a developing or mature kernel (caryopsis fruit).','null','null');


INSERT INTO "tbl_collective_plant_structure"
(structureid,structure,definition,sub_structure,sub_definition,sub_type,sub_type_definition) VALUES
(1,'collective organ part structure','A collective plant structure composed of two or more cardinal organ parts that are part of adjacent plant organs and any associated portions of plant tissue.','corolla spur','A collective organ part structure that is a slender, hollow extension of a corolla and has as parts segments of two more fused petals.','null','null'),
(2,'collective organ part structure','A collective plant structure composed of two or more cardinal organ parts that are part of adjacent plant organs and any associated portions of plant tissue.','fruit operculum','A collective organ part structure that is the apical part of a circumsessile capsular fruit that separates from the rest of the capsule during dehiscence.','null','null'),
(3,'collective organ part structure','A collective plant structure composed of two or more cardinal organ parts that are part of adjacent plant organs and any associated portions of plant tissue.','pappus','A collective organ part structure that has a parts one or more pappus elements (scales, awns, or bristles) at the apex of an inferior ovary just beneath or outside the corolla.','null','null'),
(4,'collective organ part structure','A collective plant structure composed of two or more cardinal organ parts that are part of adjacent plant organs and any associated portions of plant tissue.','pseudostem','A collective organ part structure that forms a cylindrical false stem composed concentric leaf sheaths.','null','null'),
(5,'collective organ part structure','A collective plant structure composed of two or more cardinal organ parts that are part of adjacent plant organs and any associated portions of plant tissue.','septum','A collective organ part structure composed of two or more layers of various tissues that is a partition that divides a cavity formed by the fusion of two or more organs.','anther septum','A septum that is part of an anther dehiscence zone.'),
(6,'collective organ part structure','A collective plant structure composed of two or more cardinal organ parts that are part of adjacent plant organs and any associated portions of plant tissue.','septum','A collective organ part structure composed of two or more layers of various tissues that is a partition that divides a cavity formed by the fusion of two or more organs.','fruit septum','A septum that divides a cavity or mass of tissue in a fruit and develops from an ovary septum.'),
(7,'collective organ part structure','A collective plant structure composed of two or more cardinal organ parts that are part of adjacent plant organs and any associated portions of plant tissue.','septum','A collective organ part structure composed of two or more layers of various tissues that is a partition that divides a cavity formed by the fusion of two or more organs.','plant ovary septum','A septum that divides a multilocular plant ovary.'),
(8,'collective organ part structure','A collective plant structure composed of two or more cardinal organ parts that are part of adjacent plant organs and any associated portions of plant tissue.','silk','A collective organ part structure that has as parts an elongated stigma with stigma papilla, and an elongated style.','null','null'),
(9,'collective plant organ structure','A collective plant structure that is a proper part of a whole plant, and is composed of two or more adjacent plant organs and the associated portions of plant tissue.','anther','A collective plant organ structure that is the pollen-bearing part of a stamen.','null','null'),
(10,'collective plant organ structure','A collective plant structure that is a proper part of a whole plant, and is composed of two or more adjacent plant organs and the associated portions of plant tissue.','anther theca','A collective plant organ structure that is part of an anther and consists of a pair of sporangia that dehisce down a common slit.','null','null'),
(11,'collective plant organ structure','A collective plant structure that is a proper part of a whole plant, and is composed of two or more adjacent plant organs and the associated portions of plant tissue.','ceonosorus','A collective plant organ structure on the surface of a vascular leaf that has as parts two or more fused sori.','null','null'),
(12,'collective plant organ structure','A collective plant structure that is a proper part of a whole plant, and is composed of two or more adjacent plant organs and the associated portions of plant tissue.','collective phyllome structure','A collective plant organ structure that consists of two or more phyllomes originating from the same node or from one or more adjacent nodes with compressed shoot internodes.','androecium','A collective phyllome structure composed all of the stamens in a flower.'),
(13,'collective plant organ structure','A collective plant structure that is a proper part of a whole plant, and is composed of two or more adjacent plant organs and the associated portions of plant tissue.','collective phyllome structure','A collective plant organ structure that consists of two or more phyllomes originating from the same node or from one or more adjacent nodes with compressed shoot internodes.','calyx','A collective phyllome structure that is composed of one or more sepals, and comprises the outer whorl of non-reproductive floral organs.'),
(14,'collective plant organ structure','A collective plant structure that is a proper part of a whole plant, and is composed of two or more adjacent plant organs and the associated portions of plant tissue.','collective phyllome structure','A collective plant organ structure that consists of two or more phyllomes originating from the same node or from one or more adjacent nodes with compressed shoot internodes.','caryopsis hull','A collective phyllome structure that encloses a fruit of the Poaceae (caryopsis) and develops from a dried lemma and palea.'),
(15,'collective plant organ structure','A collective plant structure that is a proper part of a whole plant, and is composed of two or more adjacent plant organs and the associated portions of plant tissue.','collective phyllome structure','A collective plant organ structure that consists of two or more phyllomes originating from the same node or from one or more adjacent nodes with compressed shoot internodes.','collective leaf structure','A collective phyllome structure composed of two or more leaves.'),
(16,'collective plant organ structure','A collective plant structure that is a proper part of a whole plant, and is composed of two or more adjacent plant organs and the associated portions of plant tissue.','collective phyllome structure','A collective plant organ structure that consists of two or more phyllomes originating from the same node or from one or more adjacent nodes with compressed shoot internodes.','corolla','A collective phyllome structure that is composed of one or more petals, comprising the inner whorl of non-reproductive floral organs and surrounds the androecium and the gynoecium.'),
(17,'collective plant organ structure','A collective plant structure that is a proper part of a whole plant, and is composed of two or more adjacent plant organs and the associated portions of plant tissue.','collective phyllome structure','A collective plant organ structure that consists of two or more phyllomes originating from the same node or from one or more adjacent nodes with compressed shoot internodes.','epicalyx','A collective phyllome structure composed of two or more phyllomes immediately outside the calyx.'),
(18,'collective plant organ structure','A collective plant structure that is a proper part of a whole plant, and is composed of two or more adjacent plant organs and the associated portions of plant tissue.','collective phyllome structure','A collective plant organ structure that consists of two or more phyllomes originating from the same node or from one or more adjacent nodes with compressed shoot internodes.','gametophyte perianth','A collective phyllome structure that consists of two or more of the most distal perichaetal bracts on a gametophore axis and surround a capsule.'),
(19,'collective plant organ structure','A collective plant structure that is a proper part of a whole plant, and is composed of two or more adjacent plant organs and the associated portions of plant tissue.','collective phyllome structure','A collective plant organ structure that consists of two or more phyllomes originating from the same node or from one or more adjacent nodes with compressed shoot internodes.','gynoecium','A collective phyllome structure composed all of the carpels in a flower.'),
(20,'collective plant organ structure','A collective plant structure that is a proper part of a whole plant, and is composed of two or more adjacent plant organs and the associated portions of plant tissue.','collective phyllome structure','A collective plant organ structure that consists of two or more phyllomes originating from the same node or from one or more adjacent nodes with compressed shoot internodes.','involucre','A collective phyllome structure composed of two or more involucral bracts at the base of a cluster of flowers, as found in Asteraceae or Compositae.'),
(21,'collective plant organ structure','A collective plant structure that is a proper part of a whole plant, and is composed of two or more adjacent plant organs and the associated portions of plant tissue.','collective phyllome structure','A collective plant organ structure that consists of two or more phyllomes originating from the same node or from one or more adjacent nodes with compressed shoot internodes.','keel','A boat-shaped collective phyllome structure that consists of the two lowest petals of a papilionaceous corolla.'),
(22,'collective plant organ structure','A collective plant structure that is a proper part of a whole plant, and is composed of two or more adjacent plant organs and the associated portions of plant tissue.','collective phyllome structure','A collective plant organ structure that consists of two or more phyllomes originating from the same node or from one or more adjacent nodes with compressed shoot internodes.','perianth','A collective phyllome structure that includes as parts the corolla and/or the calyx; or one or more tepals.'),
(23,'collective plant organ structure','A collective plant structure that is a proper part of a whole plant, and is composed of two or more adjacent plant organs and the associated portions of plant tissue.','gametophyte coma','A collective plant organ structure which is a cluster of gametophore branches or non-vascular leaves at the top of the gametophore axis, forming a tuft.','null','null'),
(24,'collective plant organ structure','A collective plant structure that is a proper part of a whole plant, and is composed of two or more adjacent plant organs and the associated portions of plant tissue.','root system','A collective plant organ structure that produces root meristems, the plant structures that arise from them and the parts thereof.','null','null'),
(25,'collective plant organ structure','A collective plant structure that is a proper part of a whole plant, and is composed of two or more adjacent plant organs and the associated portions of plant tissue.','shoot system','A collective plant organ structure that produces shoot-borne portions of meristem tissue and the plant structures that arise from them.','null','null'),
(26,'collective plant organ structure','A collective plant structure that is a proper part of a whole plant, and is composed of two or more adjacent plant organs and the associated portions of plant tissue.','sorus','A collective plant organ structure on the surface of a vascular leaf that has as part a cluster of two or more adjacent sporangia.','null','null');


INSERT INTO "tbl_embryo_plant_structure"
(structureid,structure,definition) VALUES
(1,'embryo plant cell','A native plant cell that is part of a plant embryo.'),
(2,'plant embyo proper','An embryonic plant structure that is the body of a developing plant embryo attached to the maternal tissue in an plant ovule by a suspensor.'),
(3,'portion of embryo plant tissue','A portion of plant tissue that is part of a plant embryo.'),
(4,'scutellum','An embryonic plant structure that is a more or less shield-shaped and absorptive portion of a plant embryo of Poaceae.'),
(5,'suspensor','An embryonic plant structure at the base of a plant embryo that develops from an embryonic basal cell and connects an embryo proper to the wall of a megagametophyte.');


INSERT INTO "tbl_in_vitro_plant_structure"
(structureid,structure,definition,sub_structure,sub_definition) VALUES
(1,'cultured plant callus','A plant callus grown or maintained in vitro.','embryogenic callus','A cultured plant callus that is capable of forming somatic embryos.'),
(2,'cultured plant callus','A plant callus grown or maintained in vitro.','organogenic callus','A cultured plant callus that is capable of forming plant organs.'),
(3,'cultured plant cell','A plant cell that is grown or maintained in vitro.','leaf-derived cultured plant cell','A cultured plant cell that was derived from leaf tissue.'),
(4,'cultured plant cell','A plant cell that is grown or maintained in vitro.','plant protoplast','A cultured plant cell from which the entire plant cell wall has been removed.'),
(5,'cultured plant cell','A plant cell that is grown or maintained in vitro.','root-derived cultured plant cell','A cultured plant cell that was derived from root tissue.'),
(6,'cultured plant embryo','A plant embryo that is grown or maintained in vitro.','cultured somatic plant embryo','A somatic plant embryo grown and maintained in vitro.'),
(7,'cultured plant embryo','A plant embryo that is grown or maintained in vitro.','cultured zygote-derived plant embryo','A zygotic plant embryo that is grown or maintained in vitro.');

INSERT INTO "tbl_multi_tissue_plant_structure"
(structureid,structure,definition,sub_structure,sub_definition,sub_type,sub_type_definition) VALUES
(1,'fruit','A multi-tissue plant structure that develops from a gynoecium, or a single carpel, and at maturity may have as parts one or more seeds.','achene fruit','A fruit which develops from a carpel or gyneocium and at maturity comprises a dry exocarp, a dry mesocarp, and a dry endocarp that are connected to a seed coat by a funicle.','null','null'), 
(2,'fruit','A multi-tissue plant structure that develops from a gynoecium, or a single carpel, and at maturity may have as parts one or more seeds.','berry fruit','A fruit which at maturity comprises a fleshy endocarp, fleshy mesocarp, and fleshy exocarp.','hesperidium fruit','A berry fruit which develops from a superior gynoecium and at maturity comprises a thickened exocarp, thickened mesocarp, and endocarp, and has as parts juice sacs on a carpel adaxial epidermis.'),
(3,'fruit','A multi-tissue plant structure that develops from a gynoecium, or a single carpel, and at maturity may have as parts one or more seeds.','berry fruit','A fruit which at maturity comprises a fleshy endocarp, fleshy mesocarp, and fleshy exocarp.','pepo fruit','A berry fruit which develops from an inferior carpel and at maturity comprises a fleshy exocarp, fleshy mesocarp, and fleshy endocarp, and has as a part a hard receptacle which surrounds, and is indistinct from, the exocarp.'),
(4,'fruit','A multi-tissue plant structure that develops from a gynoecium, or a single carpel, and at maturity may have as parts one or more seeds.','berry fruit','A fruit which at maturity comprises a fleshy endocarp, fleshy mesocarp, and fleshy exocarp.','pome fruit','A berry fruit which develops from an inferior gynoecium and at maturity comprises a fleshy exocarp, fleshy mesocarp, and hardened endocarp and has as a part a fleshy hypanthium which is indistinct from the exocarp.'),
(5,'fruit','A multi-tissue plant structure that develops from a gynoecium, or a single carpel, and at maturity may have as parts one or more seeds.','capsule fruit','A fruit which develops from a gynoecium and at maturity comprises a dry exocarp, dry mesocarp, and dry endocarp that usually dehisce.','circumscissile capsule fruit','A capsule fruit which at maturity dehisces through the release of a fruit operculum.'),
(6,'fruit','A multi-tissue plant structure that develops from a gynoecium, or a single carpel, and at maturity may have as parts one or more seeds.','capsule fruit','A fruit which develops from a gynoecium and at maturity comprises a dry exocarp, dry mesocarp, and dry endocarp that usually dehisce.','coccarium capsule fruit','A capsule fruit which at maturity dehisces through both the fruit septa and the fruit locules.'),
(7,'fruit','A multi-tissue plant structure that develops from a gynoecium, or a single carpel, and at maturity may have as parts one or more seeds.','capsule fruit','A fruit which develops from a gynoecium and at maturity comprises a dry exocarp, dry mesocarp, and dry endocarp that usually dehisce.','loculicidal capsule fruit','A capsule fruit which at maturity dehisces through fruit locules.'),
(8,'fruit','A multi-tissue plant structure that develops from a gynoecium, or a single carpel, and at maturity may have as parts one or more seeds.','capsule fruit','A fruit which develops from a gynoecium and at maturity comprises a dry exocarp, dry mesocarp, and dry endocarp that usually dehisce.','poricidal capsule fruit','A capsule fruit which at maturity dehisces through pores on a pericarp.'),
(9,'fruit','A multi-tissue plant structure that develops from a gynoecium, or a single carpel, and at maturity may have as parts one or more seeds.','capsule fruit','A fruit which develops from a gynoecium and at maturity comprises a dry exocarp, dry mesocarp, and dry endocarp that usually dehisce.','septicidal capsule fruit','A capsule fruit which dehisces through a fruit septa.'),
(10,'fruit','A multi-tissue plant structure that develops from a gynoecium, or a single carpel, and at maturity may have as parts one or more seeds.','caryopsis fruit','A fruit which develops from a gynoecium and at maturity comprises a dry exocarp, dry mesocarp, and dry endocarp that are fused to a seed coat.','null','null'),
(11,'fruit','A multi-tissue plant structure that develops from a gynoecium, or a single carpel, and at maturity may have as parts one or more seeds.','drupe fruit','A fruit which develops from a carpel and at maturity comprises a fleshy exocarp, fleshy mesocarp, and a stony endocarp.','null','null'),
(12,'fruit','A multi-tissue plant structure that develops from a gynoecium, or a single carpel, and at maturity may have as parts one or more seeds.','follicle fruit','A fruit which develops from a carpel and at maturity comprises a dry exocarp, dry mesocarp, and dry endocarp that dehisce along a single fruit valve.','null','null'),
(13,'fruit','A multi-tissue plant structure that develops from a gynoecium, or a single carpel, and at maturity may have as parts one or more seeds.','legume fruit','A fruit which develops from a carpel and at maturity comprises a dry exocarp, dry mesocarp, and dry endocarp that dehisce along two fruit valves.','loment fruit','A legume fruit which at maturity separates into indehiscent, one-seeded segments.'),
(14,'fruit','A multi-tissue plant structure that develops from a gynoecium, or a single carpel, and at maturity may have as parts one or more seeds.','nut fruit','A fruit which develops from a gynoecium and at maturity comprises a dry exocarp, dry mesocarp, and dry endocarp that are not fused to a seed coat.','null','null'),
(15,'fruit','A multi-tissue plant structure that develops from a gynoecium, or a single carpel, and at maturity may have as parts one or more seeds.','samara fruit','A fruit which develops from a carpel and at maturity comprises a dry exocarp, dry mesocarp, and dry endocarp that are elongated into a wing-like structure.','null','null'),
(16,'fruit','A multi-tissue plant structure that develops from a gynoecium, or a single carpel, and at maturity may have as parts one or more seeds.','schizocarp fruit','A fruit which develops from a gynoecium and at maturity comprises a dry exocarp, dry mesocarp, and dry endocarp that separate into mericarps.','null','null'),
(17,'fruit','A multi-tissue plant structure that develops from a gynoecium, or a single carpel, and at maturity may have as parts one or more seeds.','silique fruit','A fruit which develops from a gynoecium and at maturity comprises a dry exocarp, dry mesocarp, and dry endocarp, that dehisce along two fruit valves and separate from a persistent fruit replum.','null','null'),
(18,'plant organ','A multi-tissue plant structure that is a functional unit, is a proper part of a whole plant, and includes portions of plant tissue of at least two different types that derive from a common developmental path.','coleoptile','A sheath-like plant organ that surrounds the plumule of a plant embryo or the emerging shoot apex of a seedling.','plant embryo coleoptile','A coleoptile that is part of a plant embryo.'),
(19,'plant organ','A multi-tissue plant structure that is a functional unit, is a proper part of a whole plant, and includes portions of plant tissue of at least two different types that derive from a common developmental path.','coleoptile','A sheath-like plant organ that surrounds the plumule of a plant embryo or the emerging shoot apex of a seedling.','seedling coleoptile','A coleoptile that is part of a whole plant in the seedling development stage.'),
(20,'plant organ','A multi-tissue plant structure that is a functional unit, is a proper part of a whole plant, and includes portions of plant tissue of at least two different types that derive from a common developmental path.','coleorhiza','A sheath-like plant organ that surrounds the radicle of a plant embryo or the emerging root of a seedling.','embryo coleorhiza','A coleorhiza that is part of a plant embryo.'),
(21,'plant organ','A multi-tissue plant structure that is a functional unit, is a proper part of a whole plant, and includes portions of plant tissue of at least two different types that derive from a common developmental path.','coleorhiza','A sheath-like plant organ that surrounds the radicle of a plant embryo or the emerging root of a seedling.','seedling coleorhiza','A coleorhiza that is part of a whole plant in the seedling development stage.'),
(22,'plant organ','A multi-tissue plant structure that is a functional unit, is a proper part of a whole plant, and includes portions of plant tissue of at least two different types that derive from a common developmental path.','floral organ','A plant organ that is part of a flower.','null','null'),
(23,'plant organ','A multi-tissue plant structure that is a functional unit, is a proper part of a whole plant, and includes portions of plant tissue of at least two different types that derive from a common developmental path.','multicellular plant gametangium','A plant organ that produces one or more gametes and participates in the gametophyte development stage.','antheridium','A multicellular plant gametangium that produces antheridium sperm cells and has as parts an antheridium jacket layer and an antheridium stalk.'),
(24,'plant organ','A multi-tissue plant structure that is a functional unit, is a proper part of a whole plant, and includes portions of plant tissue of at least two different types that derive from a common developmental path.','multicellular plant gametangium','A plant organ that produces one or more gametes and participates in the gametophyte development stage.','archegonium','A multicellular plant gametangium that develops from an archegonium initial cell and has as parts a venter and an archegonium neck.'),
(25,'plant organ','A multi-tissue plant structure that is a functional unit, is a proper part of a whole plant, and includes portions of plant tissue of at least two different types that derive from a common developmental path.','phyllome','A lateral plant organ produced by a shoot apical meristem.','bract','A phyllome that subtends a reproductive structure.'),
(26,'plant organ','A multi-tissue plant structure that is a functional unit, is a proper part of a whole plant, and includes portions of plant tissue of at least two different types that derive from a common developmental path.','phyllome','A lateral plant organ produced by a shoot apical meristem.','leaf','A phyllome that is not associated with a reproductive structure.'),
(27,'plant organ','A multi-tissue plant structure that is a functional unit, is a proper part of a whole plant, and includes portions of plant tissue of at least two different types that derive from a common developmental path.','phyllome','A lateral plant organ produced by a shoot apical meristem.','lodicule','A phyllome that is part of a grass floret and is one of two or three tiny scales or flaps of tissue outside the stamens.'),
(28,'plant organ','A multi-tissue plant structure that is a functional unit, is a proper part of a whole plant, and includes portions of plant tissue of at least two different types that derive from a common developmental path.','phyllome','A lateral plant organ produced by a shoot apical meristem.','persistent sepal','A phyllome that develops from a sepal and remains attached to a fruit at maturity.'),
(29,'plant organ','A multi-tissue plant structure that is a functional unit, is a proper part of a whole plant, and includes portions of plant tissue of at least two different types that derive from a common developmental path.','phyllome','A lateral plant organ produced by a shoot apical meristem.','persistent stamen','A phyllome that develops from a stamen and remains attached to a fruit at maturity.'),
(30,'plant organ','A multi-tissue plant structure that is a functional unit, is a proper part of a whole plant, and includes portions of plant tissue of at least two different types that derive from a common developmental path.','phyllome','A lateral plant organ produced by a shoot apical meristem.','persistent tepal','A phyllome that develops from a tepal and remains attached to a fruit at maturity.'),
(31,'plant organ','A multi-tissue plant structure that is a functional unit, is a proper part of a whole plant, and includes portions of plant tissue of at least two different types that derive from a common developmental path.','phyllome','A lateral plant organ produced by a shoot apical meristem.','petal','A phyllome that is part of the corolla, and is usually colored not green.'),
(32,'plant organ','A multi-tissue plant structure that is a functional unit, is a proper part of a whole plant, and includes portions of plant tissue of at least two different types that derive from a common developmental path.','phyllome','A lateral plant organ produced by a shoot apical meristem.','prophyll','A phyllome that is the first organ or one of the first two organs formed at the base of an axillary shoot, often smaller and/or in a distinctively different position from leaves formed subsequently.'),
(33,'plant organ','A multi-tissue plant structure that is a functional unit, is a proper part of a whole plant, and includes portions of plant tissue of at least two different types that derive from a common developmental path.','phyllome','A lateral plant organ produced by a shoot apical meristem.','scale leaf','A phyllome that is reduced in size relative to a vascular leaf on the same plant and is often associated with a perennating or dormant bud or a vegetatively propagating organ such as a rhizome.'),
(34,'plant organ','A multi-tissue plant structure that is a functional unit, is a proper part of a whole plant, and includes portions of plant tissue of at least two different types that derive from a common developmental path.','phyllome','A lateral plant organ produced by a shoot apical meristem.','sepal','A phyllome that is usually green, and is part of the calyx.'),
(35,'plant organ','A multi-tissue plant structure that is a functional unit, is a proper part of a whole plant, and includes portions of plant tissue of at least two different types that derive from a common developmental path.','phyllome','A lateral plant organ produced by a shoot apical meristem.','sporophyll','A leaf-like organ on which one or more sporangia are borne.'),
(36,'plant organ','A multi-tissue plant structure that is a functional unit, is a proper part of a whole plant, and includes portions of plant tissue of at least two different types that derive from a common developmental path.','phyllome','A lateral plant organ produced by a shoot apical meristem.','tepal','A phyllome that is part of a perianth where it is not possible to distinguish between the petals and sepals.'),
(37,'plant organ','A multi-tissue plant structure that is a functional unit, is a proper part of a whole plant, and includes portions of plant tissue of at least two different types that derive from a common developmental path.','plant axis','An axial plant organ.','plant embryo axis','A plant axis that is the axial part of a plant embryo.'),
(38,'plant organ','A multi-tissue plant structure that is a functional unit, is a proper part of a whole plant, and includes portions of plant tissue of at least two different types that derive from a common developmental path.','plant axis','An axial plant organ.','root','A plant axis that lacks shoot axis nodes and usually grows indeterminately.'),
(39,'plant organ','A multi-tissue plant structure that is a functional unit, is a proper part of a whole plant, and includes portions of plant tissue of at least two different types that derive from a common developmental path.','plant axis','An axial plant organ.','shoot axis','A plant axis that is part of a shoot system.'),
(40,'plant organ','A multi-tissue plant structure that is a functional unit, is a proper part of a whole plant, and includes portions of plant tissue of at least two different types that derive from a common developmental path.','plant axis','An axial plant organ.','tuber','A plant axis that is radially enlarged.'),
(41,'plant organ','A multi-tissue plant structure that is a functional unit, is a proper part of a whole plant, and includes portions of plant tissue of at least two different types that derive from a common developmental path.','plant ovule','A plant organ that has as parts a nucellus in which a female gametophyte is located, one or two integuments, and a funicle.','ovuliferous scale ovule','A plant ovule that is part of an ovuliferous scale add.'),
(42,'plant organ','A multi-tissue plant structure that is a functional unit, is a proper part of a whole plant, and includes portions of plant tissue of at least two different types that derive from a common developmental path.','plant ovule','A plant organ that has as parts a nucellus in which a female gametophyte is located, one or two integuments, and a funicle.','plant ovary scale ovule','A plant ovule that is part of a plant ovary.'),
(43,'plant organ','A multi-tissue plant structure that is a functional unit, is a proper part of a whole plant, and includes portions of plant tissue of at least two different types that derive from a common developmental path.','sporangium','A plant organ in which plant spores are produced.','megasporangium','A sporangium in which megaspores are produced.'),
(44,'plant organ','A multi-tissue plant structure that is a functional unit, is a proper part of a whole plant, and includes portions of plant tissue of at least two different types that derive from a common developmental path.','sporangium','A plant organ in which plant spores are produced.','microsporangium','A sporangium in which microspores are produced.'),
(45,'plant organ','A multi-tissue plant structure that is a functional unit, is a proper part of a whole plant, and includes portions of plant tissue of at least two different types that derive from a common developmental path.','sporophyte foot','A plant organ that is the base of a whole plant in the sporophytic phase and attaches it to the gametophore.','null','null'),
(46,'seed','A multi-tissue plant structure that develops from a plant ovule and has as parts a plant embryo enclosed in a seed coat.','null','null','null','null');


INSERT INTO "tbl_plant_cell"
(structureid,structure,definition,sub_structure,sub_definition) VALUES
(1,'cultured plant cell','A plant cell that is grown or maintained in vitro.','leaf-derived cultured plant cell','A cultured plant cell that was derived from leaf tissue.'),
(2,'cultured plant cell','A plant cell that is grown or maintained in vitro.','plant protoplast','A cultured plant cell from which the entire plant cell wall has been removed.'),
(3,'cultured plant cell','A plant cell that is grown or maintained in vitro.','root-derived cultured plant cell','A cultured plant cell that was derived from root tissue.'),
(4,'native plant cell','A plant cell that is either part of a multicellular whole plant in vivo or a unicellular organism in natura (i.e. part of a natural environment).','alar cell','A native plant cell located at the base of a non-vascular leaf adjacent to where the leaf attaches to the stem.'),
(5,'native plant cell','A plant cell that is either part of a multicellular whole plant in vivo or a unicellular organism in natura (i.e. part of a natural environment).','antheridium jacket layer cell','A native plant cell that is part of an antheridium jacket layer.'),
(6,'native plant cell','A plant cell that is either part of a multicellular whole plant in vivo or a unicellular organism in natura (i.e. part of a natural environment).','archegonium central cell','A native plant cell that is the larger, distal cell arising from the first division of an archegonium initial cell.'),
(7,'native plant cell','A plant cell that is either part of a multicellular whole plant in vivo or a unicellular organism in natura (i.e. part of a natural environment).','archegonium neck canal cell','A native plant cell that is one of the axial row of cells in an immature archegonium neck.'),
(8,'native plant cell','A plant cell that is either part of a multicellular whole plant in vivo or a unicellular organism in natura (i.e. part of a natural environment).','archesporial cell','A native plant cell that divides to gives rise to a sporocyte and is part of a sporangium.'),
(9,'native plant cell','A plant cell that is either part of a multicellular whole plant in vivo or a unicellular organism in natura (i.e. part of a natural environment).','brachycyte','A native plant cell that develops from a cell in a protonema and has a thick cell wall.'),
(10,'native plant cell','A plant cell that is either part of a multicellular whole plant in vivo or a unicellular organism in natura (i.e. part of a natural environment).','embryo basal cell','A native plant cell that is the lower-most cell formed after the first division of the plant zygote and is part of a plant embryo.'),
(11,'native plant cell','A plant cell that is either part of a multicellular whole plant in vivo or a unicellular organism in natura (i.e. part of a natural environment).','embryo hypophysis','A native plant cell that is the uppermost cell of a suspensor and from which part of the root and root cap in a plant embryo of angiosperms are derived.'),
(12,'native plant cell','A plant cell that is either part of a multicellular whole plant in vivo or a unicellular organism in natura (i.e. part of a natural environment).','embryo plant cell','A native plant cell that is part of a plant embryo.'),
(13,'native plant cell','A plant cell that is either part of a multicellular whole plant in vivo or a unicellular organism in natura (i.e. part of a natural environment).','embryo sac call','A native plant cell that is part of an embryo sac.'),
(14,'native plant cell','A plant cell that is either part of a multicellular whole plant in vivo or a unicellular organism in natura (i.e. part of a natural environment).','epidermal cell','A native plant cell that is part of a portion of epidermis.'),
(15,'native plant cell','A plant cell that is either part of a multicellular whole plant in vivo or a unicellular organism in natura (i.e. part of a natural environment).','ground tissue cell','A native plant cell that is part of a portion of ground tissue.'),
(16,'native plant cell','A plant cell that is either part of a multicellular whole plant in vivo or a unicellular organism in natura (i.e. part of a natural environment).','hydroid','A native plant cell that is dead at maturity, lacks specialized wall thickenings or lignin, and has tapered ends that are thin and partially hydrolyzed.'),
(17,'native plant cell','A plant cell that is either part of a multicellular whole plant in vivo or a unicellular organism in natura (i.e. part of a natural environment).','idioblast','A native plant cell that markedly differs in form, size, or contents from other cells in the same tissue.'),
(18,'native plant cell','A plant cell that is either part of a multicellular whole plant in vivo or a unicellular organism in natura (i.e. part of a natural environment).','leptoid','A native plant cell that resembles in structure the sieve elements of vascular plants.'),
(19,'native plant cell','A plant cell that is either part of a multicellular whole plant in vivo or a unicellular organism in natura (i.e. part of a natural environment).','meristematic cell','A native plant cell synthesizing protoplasm and producing new cells by division and with only a primary cell wall.'),
(20,'native plant cell','A plant cell that is either part of a multicellular whole plant in vivo or a unicellular organism in natura (i.e. part of a natural environment).','microgametophyte vegetative cell','A native plant cell that is the larger cell of a microgametophyte in seed plants. It does not divide further and develops into a pollen tube cell.'),
(21,'native plant cell','A plant cell that is either part of a multicellular whole plant in vivo or a unicellular organism in natura (i.e. part of a natural environment).','phyllome founder cell','A native plant cell that is part of the phyllome anlagen.'),
(22,'native plant cell','A plant cell that is either part of a multicellular whole plant in vivo or a unicellular organism in natura (i.e. part of a natural environment).','plant gamete','A native plant cell that has half the chromosome complement of the sporophyte and is capable of fertilization to create a plant zygote.'),
(23,'native plant cell','A plant cell that is either part of a multicellular whole plant in vivo or a unicellular organism in natura (i.e. part of a natural environment).','plant zygote','A native plant cell which is a whole plant in the plant zygote stage.'),
(24,'native plant cell','A plant cell that is either part of a multicellular whole plant in vivo or a unicellular organism in natura (i.e. part of a natural environment).','pollen tube cell','A native plant cell that develops from a microgametophyte vegetative cell and forms a tubular extension of the pollen.'),
(25,'native plant cell','A plant cell that is either part of a multicellular whole plant in vivo or a unicellular organism in natura (i.e. part of a natural environment).','primary parietal cell','A native plant cell which is formed by the division of a male archesporial cell, and is part of the anther wall primary parietal cell layer.'),
(26,'native plant cell','A plant cell that is either part of a multicellular whole plant in vivo or a unicellular organism in natura (i.e. part of a natural environment).','primary sporogenous cell','A native plant cell is formed by the division of the male archesporial initial. After several mitotic divisions these cells differentiate into pollen mother cells.'),
(27,'native plant cell','A plant cell that is either part of a multicellular whole plant in vivo or a unicellular organism in natura (i.e. part of a natural environment).','prothallial cell','A native plant cell which is vegetative and develops from the division of the microspore of vascular plants other than angiosperms.'),
(28,'native plant cell','A plant cell that is either part of a multicellular whole plant in vivo or a unicellular organism in natura (i.e. part of a natural environment).','sieve element','A native plant cell that is part of a portion of phloem tissue, has sieve areas in its walls, and lacks a nucleus in its mature protoplast.'),
(29,'native plant cell','A plant cell that is either part of a multicellular whole plant in vivo or a unicellular organism in natura (i.e. part of a natural environment).','spermatogenous cell','A native plant cell that gives rise to one or more plant sperm cells.'),
(30,'native plant cell','A plant cell that is either part of a multicellular whole plant in vivo or a unicellular organism in natura (i.e. part of a natural environment).','sporocyte','A native plant cell which is diploid (2n), and undergoes meiosis to produce four haploid (1n) plant spores.'),
(31,'native plant cell','A plant cell that is either part of a multicellular whole plant in vivo or a unicellular organism in natura (i.e. part of a natural environment).','tapetum cell','A native plant cell that is part of the tapetum.'),
(32,'native plant cell','A plant cell that is either part of a multicellular whole plant in vivo or a unicellular organism in natura (i.e. part of a natural environment).','tmema cell','A native plant cell at the base of a gemma or adjacent to a brachycyte that breaks down to allow abscission of the gemma or brachycyte.'),
(33,'native plant cell','A plant cell that is either part of a multicellular whole plant in vivo or a unicellular organism in natura (i.e. part of a natural environment).','tracheary element','A native plant cell that has a lignified cell wall with secondary thickening and bordered pits.'),
(34,'native plant cell','A plant cell that is either part of a multicellular whole plant in vivo or a unicellular organism in natura (i.e. part of a natural environment).','trichome cell','A plant cell that is part of a multicellular trichome.'),
(35,'native plant cell','A plant cell that is either part of a multicellular whole plant in vivo or a unicellular organism in natura (i.e. part of a natural environment).','unicellular plant gametangium','A native plant cell that produces one or more gametes and participates in the gametophyte development stage.'),
(36,'native plant cell','A plant cell that is either part of a multicellular whole plant in vivo or a unicellular organism in natura (i.e. part of a natural environment).','unicellular trichome','A trichome that is a single plant cell.'),
(37,'native plant cell','A plant cell that is either part of a multicellular whole plant in vivo or a unicellular organism in natura (i.e. part of a natural environment).','ventral canal cell','A native plant cell that develops from the archegonium central cell, and lies at the base of the archegonium neck, above the archegonium egg cell in the venter.');


INSERT INTO "tbl_portion_of_plant_tissue"
(structureid,structure,definition,sub_structure,sub_definition) VALUES
 (1,'abaxial nucellar projection','A portion of plant tissue that is the abaxial/lower portion of the nucellus overlying vascular strands in a caryopsis fruit.','null','null'),
(2,'abscission zone','A portion of plant tissue that has as part a separation layer and a protective layer, and is involved in the abscission of a fruit, flower, leaf or other plant structure.','floral organ abscission zone','An abscission zone at the base of a flower where a floral organ separates during floral organ abscission.'),
(3,'abscission zone','A portion of plant tissue that has as part a separation layer and a protective layer, and is involved in the abscission of a fruit, flower, leaf or other plant structure.','flower pedicel abscission zone','An abscission zone that forms as a swelling or joint on a flower pedicel.'),
(4,'abscission zone','A portion of plant tissue that has as part a separation layer and a protective layer, and is involved in the abscission of a fruit, flower, leaf or other plant structure.','fruit abscission zone','An abscission zone at the base of a fruit where the fruit separates from a fruit pedicel during fruit abscission.'),
(5,'abscission zone','A portion of plant tissue that has as part a separation layer and a protective layer, and is involved in the abscission of a fruit, flower, leaf or other plant structure.','fruit pedicel abscission zone','An abscission zone that forms as a swelling or joint on a fruit pedicel.'),
(6,'abscission zone','A portion of plant tissue that has as part a separation layer and a protective layer, and is involved in the abscission of a fruit, flower, leaf or other plant structure.','leaf abscission zone','An abscission zone at the base of a vascular leaf where it separates during leaf abscission.'),
(7,'adaxial nucellar projection','A portion of plant tissue that is the adaxial/upper portion of the nucellus overlying vascular strands in a caryopsis fruit.','null','null'),
(8,'aleurome layer','A portion of plant tissue that is the outermost layer of endosperm in a seed, its cells being characterized by presence of protein bodies.','modified aleurone','A portion of aleurone layer which is morphologically distinct and is located adjacent to the nucellar projection.'),
(9,'amphithecium','A portion of plant tissue that is the outer layer or layers of a sporangium early in sporangium development.','null','null'),
(10,'antheridium jacket layer','A portion of plant tissue that is a single layer of cells on the outside of an antheridium.','null','null'),
(11,'archesporium','A portion of plant tissue that is the internal part of a sporangium, bounded by the sporangium wall, and has as parts archesporial cells.','null','null'),
(12,'axillary hair base','A portion of plant tissue that is the basal part of an axillary hair, below the axillary hair terminal cell.','gametophore axillary hair base','A axillary hair base that is the basal part of a gametophore axillary hair, below the gametophore axillary hair terminal cell.'),
(13,'bark','A portion of plant tissue outside the vascular cambium or the xylem; in older trees may be divided into dead outer bark and living inner bark, which consists of secondary phloem.','null','null'),
(14,'basal endosperm transfer layer','A portion of plant tissue that is part of an endosperm and is composed of basal endosperm transfer cells.','null','null'),
(15,'central endosperm','A portion of plant tissue that is the central region of an endosperm, composed of cells that are significantly larger than those at the periphery, especially the aleurone and sub-aleurone layers.','null','null'),
(16,'central strand','A portion of plant tissue that is an axial strand in the center of a gametophore axis or seta and has as part a hydrome or a leptome.','null','null'),
(17,'chalaza','A portion of plant tissue that is the region in a plant ovule where the integuments and the nucellus join with the funicule.','null','null'),
(18,'chalazal cyst','A portion of plant tissue that is the part of the endosperm nearest the chalazal region of the plant ovule and forming a cyst-like structure.','null','null'),
(19,'columella','A portion of plant tissue that forms the central axis of a plant structure such as a fruit or moss capsule (sporangium).','fruit columella','A columella that forms the central axis of a fruit.'),
(20,'columella','A portion of plant tissue that forms the central axis of a plant structure such as a fruit or moss capsule (sporangium).','spore capsule columella','A columella that forms the central axis of a spore capsule.'),
(21,'costa','A portion of plant tissue that is a single or double strand in the center of a non-vascular leaf and has as part hydrome or leptome.','null','null'),
(22,'dehiscence zone','A portion of plant tissue that is part of a plant structure and consists of a narrow band of cells that undergoes dehiscence upon maturation of the structure.','anther dehiscence zone','A dehiscence zone that is part of an anther.'),
(23,'dehiscence zone','A portion of plant tissue that is part of a plant structure and consists of a narrow band of cells that undergoes dehiscence upon maturation of the structure.','fruit dehiscence zone','A dehiscence zone that is part of a fruit.'),
(24,'dehiscence zone','A portion of plant tissue that is part of a plant structure and consists of a narrow band of cells that undergoes dehiscence upon maturation of the structure.','spore capsule annulus','A dehiscence zone that is part of a spore capsule.'),
(25,'endocarp','A portion of plant tissue that is the innermost differentiated layer of a pericarp.','null','null'),
(26,'endosperm','A portion of plant tissue which is a maximal portion of nutritive plant tissue in a seed.','cellular endosperm','A portion of endosperm in which the first karyokinesis event is accompanied by cytokinesis.'),
(27,'endosperm','A portion of plant tissue which is a maximal portion of nutritive plant tissue in a seed.','free nuclear endosperm','A portion of endosperm tissue in which at least the first karyokinesis is not followed by cytokinesis.'),
(28,'endosperm','A portion of plant tissue which is a maximal portion of nutritive plant tissue in a seed.','helobial endosperm','A portion of endosperm tissue in which the first karyokinetic event is accompanied by the formation of a horizontal wall which divides the embryo sac central cell into unequal regions. The larger one is the micropylar chamber in which cytokinesis does not occur and the smaller one is the chalazal chamber.'),
(29,'endothelium','A portion of plant tissue which is composed of cells of the inner epidermis of the inner (or only) integument of the ovule that are radially elongated and metabolically very active.','null','null'),
(30,'epiblast','A portion of plant tissue that is a flap-like projection of the coleorhiza, inserted opposite the scutellum.','null','null'),
(31,'epidermis','A portion of plant tissue composed of epidermal cells that develops from the protoderm and covers the surface of a plant structure.','exothecium','A portion of epidermis that is the outermost layer of a sporangium wall.'),
(32,'epidermis','A portion of plant tissue composed of epidermal cells that develops from the protoderm and covers the surface of a plant structure.','integument epidermis','A portion of epidermis that is part of an integument.'),
(33,'epidermis','A portion of plant tissue composed of epidermal cells that develops from the protoderm and covers the surface of a plant structure.','paraphyllium','A portion of epidermis tissue that is an outgrowth from the epidermis between the leaves of a gametophore axis.'),
(34,'epidermis','A portion of plant tissue composed of epidermal cells that develops from the protoderm and covers the surface of a plant structure.','plant ovary epidermis','A portion of epidermis that is part of an plant ovary wall.'),
(35,'epidermis','A portion of plant tissue composed of epidermal cells that develops from the protoderm and covers the surface of a plant structure.','prickle','A portion of epidermis that is a sclerified outgrowth.'),
(36,'epidermis','A portion of plant tissue composed of epidermal cells that develops from the protoderm and covers the surface of a plant structure.','root epidermis','A portion of epidermis that is part of a root.'),
(37,'epidermis','A portion of plant tissue composed of epidermal cells that develops from the protoderm and covers the surface of a plant structure.','seed coat epidermis','A portion of epidermis that is part of a seed coat.'),
(38,'epidermis','A portion of plant tissue composed of epidermal cells that develops from the protoderm and covers the surface of a plant structure.','shoot system epidermis','A portion of epidermis that is part of a shoot system and arises from the meristem L1 layer.'),
(39,'exocarp','A portion of plant tissue that is the outer layer of a pericarp.','null','null'),
(40,'gemma','A portion of plant tissue which is a small ball of cells born on a thallus and is involved in asexual reproduction.','null','null'),
(41,'hydrome','A portion of plant tissue that has as parts hydroid cells and cells of no other types.','null','null'),
(42,'integument','A portion of plant tissue that usually covers a plant ovule, enveloping a nucellus and forming a micropyle at the apex.','inner integument','An integument which is the innermost of the two layers of tissue that usually cover the ovule, contiguous to the nucellus and usually contributing to the formation of the micropyle at the apex.'),
(43,'integument','A portion of plant tissue that usually covers a plant ovule, enveloping a nucellus and forming a micropyle at the apex.','outer integument','An integument which is one of the two layers of tissue that usually cover the ovule, contiguous to the inner integument and usually involved in forming the micropyle at the apex.'),
(44,'juice sac tissue','A portion of plant tissue which is composed of highly vacuolated cells forming closely-packed, club-shaped sacs with long slender stalks and containing juice.','null','null'),
(45,'leptome','A portion of plant tissue that has as parts leptoid cells and cells of no other types.','null','null'),
(46,'mesocarp','A portion of plant tissue that is the middle layer of a pericarp.','null','null'),
(47,'micropylar endosperm','A portion of plant tissue that is the region of the endosperm closest to the micropyle of the seed.','null','null'),
(48,'multicellular trichome','A portion of plant tissue that forms a non-sclerified outgrowth from the epidermis.','axillary hair','A multicellular trichome that has as parts a long terminal cell atop a basal stalk and grows in a leaf axil.'),
(49,'multicellular trichome','A portion of plant tissue that forms a non-sclerified outgrowth from the epidermis.','paraphysis','A slender, usually uniseriate multicellular trichome that grows intermixed with the gametangia.'),
(50,'multicellular trichome tip','A portion of plant tissue that is the apical most portion of a multicellular trichome apex.','null','null'),
(51,'nucellar projection','A portion of plant tissue that is the morphologically distinct portion of the nucellus overlying the vascular strands in the grass caryopsis.','null','null'),
(52,'obturator','A portion of plant tissue which is an outgrowth of the funicle, that forms a bridge between the micropyle and other tissues.','null','null'),
(53,'pericarp','A portion of plant tissue that is the outer layer (wall) of a fruit, and develops from a plant ovary or a carpel wall.','null','null'),
(54,'perisperm','A portion of plant tissue which is diploid nutritive tissue in an angiosperm seed derived from nucellar tissue.','null','null'),
(55,'placenta','A portion of plant tissue at the interface between two plant structures, one of which is in a gametophyte development stage and one of which is in a sporophyte development stage, and that has as parts transfer cells.','plant ovary placenta','A portion of placenta tissue which is part of a plant ovary, and to which plant ovary ovules are attached.'),
(56,'plant callus','A portion of plant tissue that consists of mass of undifferentiated plant cells.','cultured plant callus','A plant callus grown or maintained in vitro.'),
(57,'plant ovary wall','A portion of plant tissue that is composed of plant ovary abaxial (outer) epidermis, plant ovary adaxial (inner) epidermis, and a plant ovary wall middle layer','null','null'),
(58,'portion of embryo plant tissue','A portion of plant tissue that is part of a plant embryo.','null','null'),
(59,'portion of ground tissue','Any portion of plant tissue other than epidermis or vascular tissue.','anther wall middle layer','A portion of ground tissue directly internal to an anther wall endothecium that develops from an anther wall secondary parietal cell layer.'),
(60,'portion of ground tissue','Any portion of plant tissue other than epidermis or vascular tissue.','anther wall primary parietal cell layer','A portion of ground tissue that is part of an anther wall and has as parts a primary parietal cell and adjacent plant cells.'),
(61,'portion of ground tissue','Any portion of plant tissue other than epidermis or vascular tissue.','anther wall secondary parietal cell layer','A portion of ground tissue that is part of an anther wall and develops from an anther wall primary parietal cell layer.'),
(62,'portion of ground tissue','Any portion of plant tissue other than epidermis or vascular tissue.','bundle sheat','A portion of ground tissue which comprises a layer or layers of cells surrounding the vascular bundles of leaves. It may consist of parenchyma or sclerenchyma.'),
(63,'portion of ground tissue','Any portion of plant tissue other than epidermis or vascular tissue.','bundle sheat extension','A portion of ground tissue which forms a strip along the leaf veins and extending from the bundle sheath to the epidermis. It may be present on one or both sides of the vein and may consist of parenchyma or sclerenchyma.'),
(64,'portion of ground tissue','Any portion of plant tissue other than epidermis or vascular tissue.','collenchyma','A portion of ground tissue which comprises living tissue composed of more or less elongated cells with thick, non-lignified primary cell walls.'),
(65,'portion of ground tissue','Any portion of plant tissue other than epidermis or vascular tissue.','cortex','A maximal portion of ground tissue between the vascular system and the epidermis in a plant.'),
(66,'portion of ground tissue','Any portion of plant tissue other than epidermis or vascular tissue.','endodermis','A portion of ground tissue that is the inner most layer of a cortex and has a casparian strip in its anticlinal cell walls.'),
(67,'portion of ground tissue','Any portion of plant tissue other than epidermis or vascular tissue.','hypodermis','A portion of ground tissue that is the outermost layer of a portion of cortex.'),
(68,'portion of ground tissue','Any portion of plant tissue other than epidermis or vascular tissue.','interfascicular region','A portion of ground tissue located between vascular bundles in a shoot axis.'),
(69,'portion of ground tissue','Any portion of plant tissue other than epidermis or vascular tissue.','parenchyma','A portion of ground tissue composed of polyhedral cells typically with thin, non-lignified cellulosic cell walls and nucleate, living protoplasts.'),
(70,'portion of ground tissue','Any portion of plant tissue other than epidermis or vascular tissue.','pericycle','A portion of ground tissue that is part of a root stele located between the phloem and endodermis.'),
(71,'portion of ground tissue','Any portion of plant tissue other than epidermis or vascular tissue.','periderm','A peripheral portion of ground tissue in a plant axisthat is composed of cork cambium (phellogen), phellem, and phelloderm.'),
(72,'portion of ground tissue','Any portion of plant tissue other than epidermis or vascular tissue.','phellem','A portion of ground tissue centrifugally derived from cork cambium, non-living at maturity, and having suberized walls.'),
(73,'portion of ground tissue','Any portion of plant tissue other than epidermis or vascular tissue.','phelloderm','A portion of ground tissue often resembling cortical parenchyma produced centripetally by the cork cambium.'),
(74,'portion of ground tissue','Any portion of plant tissue other than epidermis or vascular tissue.','portion of transmiting tissue','A portion of ground tissue in the style of a carpel through which a pollen tube grows; it connects a stigma and the inside of an ovary.'),
(75,'portion of ground tissue','Any portion of plant tissue other than epidermis or vascular tissue.','photoporangium endothecium','A portion of ground tissue that is the tissue internal to an amphithecium early in sporangium development.'),
(76,'portion of ground tissue','Any portion of plant tissue other than epidermis or vascular tissue.','sclerenchyma','A portion of ground tissue which comprises supporting tissue composed of plant fiber cells or sclereid cells.'),
(77,'portion of ground tissue','Any portion of plant tissue other than epidermis or vascular tissue.','sporangium wall endothecium','A portion of ground tissue that is the sub-epidermal layer of a sporangium wall.'),
(78,'portion of ground tissue','Any portion of plant tissue other than epidermis or vascular tissue.','stereome','A portion of ground tissue that has as parts stereid cells and no other cell types.'),
(79,'portion of ground tissue','Any portion of plant tissue other than epidermis or vascular tissue.','tapetum','A portion of ground tissue that is the inner-most layer of a sporangium wall.'),
(80,'portion of meristem tissue','A portion of plant tissue in which plant cells have retained their embryonic characteristics, or have reverted to them secondarily, and that divide to produce new cells that can undergo differentiation to form mature tissues, i.e. they have a capacity for morphogenesis and growth.','apical meristem','A maximal portion of meristem tissue located at a shoot apex or root tip.'),
(81,'portion of meristem tissue','A portion of plant tissue in which plant cells have retained their embryonic characteristics, or have reverted to them secondarily, and that divide to produce new cells that can undergo differentiation to form mature tissues, i.e. they have a capacity for morphogenesis and growth.','central zone','An area of densely packed cells in the shoot apex that divide infrequently.'),
(82,'portion of meristem tissue','A portion of plant tissue in which plant cells have retained their embryonic characteristics, or have reverted to them secondarily, and that divide to produce new cells that can undergo differentiation to form mature tissues, i.e. they have a capacity for morphogenesis and growth.','ground meristem','A portion of meristem tissue that gives rise to a portion of ground tissue.'),
(83,'portion of meristem tissue','A portion of plant tissue in which plant cells have retained their embryonic characteristics, or have reverted to them secondarily, and that divide to produce new cells that can undergo differentiation to form mature tissues, i.e. they have a capacity for morphogenesis and growth.','inflorescence meristem','A meristem that gives rise to an inflorescence.'),
(84,'portion of meristem tissue','A portion of plant tissue in which plant cells have retained their embryonic characteristics, or have reverted to them secondarily, and that divide to produce new cells that can undergo differentiation to form mature tissues, i.e. they have a capacity for morphogenesis and growth.','lateral meristem','A portion of meristem tissue located parallel to the sides of a shoot axis or root that participates in lateral growth.'),
(85,'portion of meristem tissue','A portion of plant tissue in which plant cells have retained their embryonic characteristics, or have reverted to them secondarily, and that divide to produce new cells that can undergo differentiation to form mature tissues, i.e. they have a capacity for morphogenesis and growth.','leaf collar','A thin band of intercalary meristematic tissue at the junction of a leaf blade (lamina) and a leaf sheath found in grasses.'),
(86,'portion of meristem tissue','A portion of plant tissue in which plant cells have retained their embryonic characteristics, or have reverted to them secondarily, and that divide to produce new cells that can undergo differentiation to form mature tissues, i.e. they have a capacity for morphogenesis and growth.','meristem l1 layer','A portion of meristem tissue that is the outermost layer of a shoot apical meristem and gives rise to a shoot system epidermis.'),
(87,'portion of meristem tissue','A portion of plant tissue in which plant cells have retained their embryonic characteristics, or have reverted to them secondarily, and that divide to produce new cells that can undergo differentiation to form mature tissues, i.e. they have a capacity for morphogenesis and growth.','meristem l2 layer','A portion of meristem tissue directly beneath a meristem L1 layer in a shoot apical meristem which gives rise to ground tissue.'),
(88,'portion of meristem tissue','A portion of plant tissue in which plant cells have retained their embryonic characteristics, or have reverted to them secondarily, and that divide to produce new cells that can undergo differentiation to form mature tissues, i.e. they have a capacity for morphogenesis and growth.','meristem l3 layer','A portion of meristem tissue beneath a meristem L2 layer in a shoot apical meristem which gives rise to internal tissues of leaf and stem.'),
(89,'portion of meristem tissue','A portion of plant tissue in which plant cells have retained their embryonic characteristics, or have reverted to them secondarily, and that divide to produce new cells that can undergo differentiation to form mature tissues, i.e. they have a capacity for morphogenesis and growth.','periblem','A portion of meristem tissue that forms the cortex.'),
(90,'portion of meristem tissue','A portion of plant tissue in which plant cells have retained their embryonic characteristics, or have reverted to them secondarily, and that divide to produce new cells that can undergo differentiation to form mature tissues, i.e. they have a capacity for morphogenesis and growth.','peripheral zone','A portion of meristem tissue which is the organogenic region of the meristem, characterized by higher rates of cell division.'),
(91,'portion of meristem tissue','A portion of plant tissue in which plant cells have retained their embryonic characteristics, or have reverted to them secondarily, and that divide to produce new cells that can undergo differentiation to form mature tissues, i.e. they have a capacity for morphogenesis and growth.','phyllome abaxial meristem','A portion of meristem tissue that is found on the abaxial side of a developing phyllome.'),
(92,'portion of meristem tissue','A portion of plant tissue in which plant cells have retained their embryonic characteristics, or have reverted to them secondarily, and that divide to produce new cells that can undergo differentiation to form mature tissues, i.e. they have a capacity for morphogenesis and growth.','phyllome adaxial meristem','A portion of meristem tissue that is found on the adaxial side of a developing phyllome.'),
(93,'portion of meristem tissue','A portion of plant tissue in which plant cells have retained their embryonic characteristics, or have reverted to them secondarily, and that divide to produce new cells that can undergo differentiation to form mature tissues, i.e. they have a capacity for morphogenesis and growth.','phyllome anlagen','A portion of meristem tissue that is part of a peripheral zone of a shoot apical meristem and will give rise to a phyllome primordium.'),
(94,'portion of meristem tissue','A portion of plant tissue in which plant cells have retained their embryonic characteristics, or have reverted to them secondarily, and that divide to produce new cells that can undergo differentiation to form mature tissues, i.e. they have a capacity for morphogenesis and growth.','phyllome marginal meristem','A portion of meristem tissue that is part of a phyllome margin of an expanding phyllome and has as parts marginal and submarginal initials.'),
(95,'portion of meristem tissue','A portion of plant tissue in which plant cells have retained their embryonic characteristics, or have reverted to them secondarily, and that divide to produce new cells that can undergo differentiation to form mature tissues, i.e. they have a capacity for morphogenesis and growth.','phyllome plate meristem','A portion of meristem tissue in which the planes of cell division in each layer are anticlinal to the surface of the phyllome.'),
(96,'portion of meristem tissue','A portion of plant tissue in which plant cells have retained their embryonic characteristics, or have reverted to them secondarily, and that divide to produce new cells that can undergo differentiation to form mature tissues, i.e. they have a capacity for morphogenesis and growth.','plerome','A meristem forming the core of the axis composed of the primary vascular tissues and associated ground tissue, such as pith and interfascicular regions.'),
(97,'portion of meristem tissue','A portion of plant tissue in which plant cells have retained their embryonic characteristics, or have reverted to them secondarily, and that divide to produce new cells that can undergo differentiation to form mature tissues, i.e. they have a capacity for morphogenesis and growth.','primordium','A portion of meristem tissue that has as parts protoderm and sub-epidermal meristematic tissue and is committed to the development of a particular plant structure.'),
(98,'portion of meristem tissue','A portion of plant tissue in which plant cells have retained their embryonic characteristics, or have reverted to them secondarily, and that divide to produce new cells that can undergo differentiation to form mature tissues, i.e. they have a capacity for morphogenesis and growth.','procambium','A portion of meristem tissue that undergoes differentiation to form the primary vascular tissue.'),
(99,'portion of meristem tissue','A portion of plant tissue in which plant cells have retained their embryonic characteristics, or have reverted to them secondarily, and that divide to produce new cells that can undergo differentiation to form mature tissues, i.e. they have a capacity for morphogenesis and growth.','protoderm','A portion of meristem tissue that is the outer layer of an apical meristem, or the outer layer of a plant embryo proper, and gives rise to a portion of epidermis.'),
(100,'portion of meristem tissue','A portion of plant tissue in which plant cells have retained their embryonic characteristics, or have reverted to them secondarily, and that divide to produce new cells that can undergo differentiation to form mature tissues, i.e. they have a capacity for morphogenesis and growth.','quiescent center','A portion of meristem tissue that is part of a root apical meristem and consists of mitotically and metabolically inactive cells and is located behind the protoderm of the root.'),
(101,'portion of meristem tissue','A portion of plant tissue in which plant cells have retained their embryonic characteristics, or have reverted to them secondarily, and that divide to produce new cells that can undergo differentiation to form mature tissues, i.e. they have a capacity for morphogenesis and growth.','rib zone','The region of the shoot apical meristem that lies below the central zone and is flanked by the peripheral zone.'),
(102,'portion of meristem tissue','A portion of plant tissue in which plant cells have retained their embryonic characteristics, or have reverted to them secondarily, and that divide to produce new cells that can undergo differentiation to form mature tissues, i.e. they have a capacity for morphogenesis and growth.','root anlagen','A portion of meristem tissue that is committed to the development of a root primordium.'),
(103,'portion of meristem tissue','A portion of plant tissue in which plant cells have retained their embryonic characteristics, or have reverted to them secondarily, and that divide to produce new cells that can undergo differentiation to form mature tissues, i.e. they have a capacity for morphogenesis and growth.','root meristem','A portion of meristem tissue that gives rise to a root.'),
(104,'portion of meristem tissue','A portion of plant tissue in which plant cells have retained their embryonic characteristics, or have reverted to them secondarily, and that divide to produce new cells that can undergo differentiation to form mature tissues, i.e. they have a capacity for morphogenesis and growth.','shoot system meristem','A portion of meristem tissue that is part of a shoot system.'),
(105,'portion of secretory tissue','A portion of plant tissue that form specialized structures producing a secretion.','articulated laticifer','A portion of secretory tissue that has as parts articulated laticifer cells.'),
(106,'portion of secretory tissue','A portion of plant tissue that form specialized structures producing a secretion.','nectary','A portion of secretory tissue which is a multicellular glandular structure secreting a liquid containing organic substances, including sugars.'),
(107,'portion of secretory tissue','A portion of plant tissue that form specialized structures producing a secretion.','oil gland','A gland or a cavity lined with cells that secrete oils.'),
(108,'portion of secretory tissue','A portion of plant tissue that form specialized structures producing a secretion.','salt gland','A specialized tissue where excess salt absorbed in water from the soil is concentrated, being stores or excreted.'),
(109,'portion of transfusion tissue','Tissue consisting of tracheids and parenchyma cells, associated with the vascular bundle.','null','null'),
(110,'portion of vascular tissue','A portion of plant tissue that has as part one or more tracheary elements or sieve elements.','phloem','A portion of vascular tissue that has as parts sieve elements.'),
(111,'portion of vascular tissue','A portion of plant tissue that has as part one or more tracheary elements or sieve elements.','primary vascular tissue','A portion of vascular tissue that develops from a procambium.'),
(112,'portion of vascular tissue','A portion of plant tissue that has as part one or more tracheary elements or sieve elements.','secondary vascular tissue','A portion of vascular tissue that develops from a vascular cambium.'),
(113,'portion of vascular tissue','A portion of plant tissue that has as part one or more tracheary elements or sieve elements.','vascular bundle','A portion of vascular tissue that is a unit strand of the vascular system and has as part xylem or phloem.'),
(114,'portion of vascular tissue','A portion of plant tissue that has as part one or more tracheary elements or sieve elements.','vascular system','A maximal portion of vascular tissue in a whole plant, collective plant structure, multi-tissue plant structure, or cardinal part of multi-tissue plant structure.'),
(115,'portion of vascular tissue','A portion of plant tissue that has as part one or more tracheary elements or sieve elements.','xylem','A portion of vascular tissue that has as part one or more tracheary elements.'),
(116,'protective layer','A portion of plant tissue composed of a layer of cells that is part of the abscission zone that have lignin and suberin depositions and are found on the axial side of the break or exposed surface of abscission.','null','null'),
(117,'scutellar epithelium','A continuous layer of cylindrical cells covering the endosperm side of the scutellum. Thought to act as a secretory and absorptive organ.','null','null'),
(118,'seed chalaza','A remnant of the ovular chalaza that is part of the seed.','null','null'),
(119,'seed coat','A portion of plant tissue that is the covering of a seed derived from ovular - mainly integumentary - tissue.','null','null'),
(120,'seed obturator','An outgrowth of the seed funicle, that forms a bridge between the seed micropyle and other tissues. It is also a remnant form of the obturator found in the ovular funicle.','null','null'),
(121,'seed operculum','A plug-like structure formed in the micropylar region of the seed coat.','null','null'),
(122,'separation layer','A portion of plant tissue that is part of an abscission zone and contains cells that develop an abnormal wall chemistry and swelling resulting in their easily being pulled apart along the pectin-rich middle lamella.','null','null'),
(123,'shoot axis tegument layer','A portion of plant tissue that forms a tough, protective outer layer on a shoot axis and includes as parts a shoot axis hypodermis and a shoot axis epidermis.','stem tegument layer','A portion of shoot axis tegument layer that a tough, protective outer layer on a stem and includes as parts a stem hypodermis and a stem epidermis.'),
(124,'tegmen','That part of the seed coat that develops from the inner integument.','null','null'),
(125,'testa','That part of the seed coat that develops from the outer integument, or from the single integument when there is only one.','null','null'),
(126,'tetrad of megaspores','A portion of plant tissue consisting of four megaspores that remained joined together shortly after meiosis. One cell will give rise to a female gametophyte.','null','null'),
(127,'tetrad of microspores','A portion of plant tissue consisting of four microspores that remained joined together shortly after meiosis. Each cell will give rise to a male gametophyte.','null','null'),
(128,'tmema','A portion of plant tissue that has as parts tmema cells.','null','null');



INSERT INTO "tbl_rhizoid"
(structureid,structure,definition,sub_structure,sub_definition) VALUES
(1,'epidermal rhizoid','A rhizoid that develops from an epidermal rhizoid initial cell.','cotyledonary node rhizoid','An epidermal rhizoid that grows form a cotyledonary node.'),
(2,'protonemal rhizoid','A rhizoid that is part of a protonema and develops from a protonemal side branch rhizoid initial.','null','null');


INSERT INTO "tbl_trichome"
(structureid,structure,definition,sub_structure,sub_definition) VALUES
(1,'glandular trichome','A trichome that secretes or sequesters a portion of plant substance.','lupulin gland','A glandular trichome that synthesizes terpenophenolic resins and prenylflavonoids.'),
(2,'multicellular trichome','A portion of plant tissue that forms a non-sclerified outgrowth from the epidermis.','axillary hair','A multicellular trichome that has as parts a long terminal cell atop a basal stalk and grows in a leaf axil.'),
(3,'multicellular trichome','A portion of plant tissue that forms a non-sclerified outgrowth from the epidermis.','paraphysis','A slender, usually uniseriate multicellular trichome that grows intermixed with the gametangia.'),
(4,'phyllome trichome','A trichome that is part of a phyllome epidermis.','bract trichome','A phyllome trichome that is part of a bract epidermis.'),
(5,'phyllome trichome','A trichome that is part of a phyllome epidermis.','carpel trichome','A phyllome trichome that is part of a bract epidermis.'),
(6,'phyllome trichome','A trichome that is part of a phyllome epidermis.','leaf trichome','A phyllome trichome that is part of a leaf epidermis.'),
(7,'phyllome trichome','A trichome that is part of a phyllome epidermis.','petal trichome','A phyllome trichome that is part of a petal epidermis.'),
(8,'phyllome trichome','A trichome that is part of a phyllome epidermis.','sepal trichome','A phyllome trichome that is part of a sepal epidermis.'),
(9,'phyllome trichome','A trichome that is part of a phyllome epidermis.','stamen trichome','A phyllome trichome that is part of a stamen epidermis.'),
(10,'phyllome trichome','A trichome that is part of a phyllome epidermis.','tepal trichome','A phyllome trichome that is part of a tepal epidermis.'),
(11,'seed trichome','A trichome that develops from seed coat epidermis.','null','null'),
(12,'shoot axis trichome','A trichome that is part of a shoot axis epidermis.','branch trichome','A shoot axis trichome that is part of a branch epidermis.'),
(13,'shoot axis trichome','A trichome that is part of a shoot axis epidermis.','peduncle trichome','A shoot axis trichome that is part of a peduncle epidermis.'),
(14,'shoot axis trichome','A trichome that is part of a shoot axis epidermis.','stem trichome','A shoot axis trichome that is part of a stem epidermis.'),
(15,'unicellular trichome','A trichome that is a single plant cell.','null','null');


INSERT INTO "tbl_trichome_apex"
(structureid,structure,definition) VALUES
(1,'multicellular trichome apex','A portion of plant tissue that is the apical most portion of a multicellular trichome.');


INSERT INTO "tbl_trichome_tip"
(structureid,structure,definition) VALUES
(1,'multicellular trichome tip','A portion of plant tissue that is the apical most portion of a multicellular trichome apex.');

INSERT INTO "tbl_whole_plant"
(structureid,structure,definition,sub_structure,sub_definition) VALUES
(1,'megagametophyte','A whole plant in the gametophyte development stage that produces only plant egg cells.','archegonium megagametophyte','A megagametophyte that has as parts one or more archegonia.'),
(2,'megagametophyte','A whole plant in the gametophyte development stage that produces only plant egg cells.','embryo sac','A megagametophyte that is located in a plant ovary ovule.'),
(3,'microgametophyte','A whole plant in the gametophyte development stage that produces plant sperm cells.','antheridium microgametophyte','A microgametophyte that has as parts one or more antheridia.'),
(4,'microgametophyte','A whole plant in the gametophyte development stage that produces plant sperm cells.','pollen','A microgametophyte that develops from a microspore is located in a pollen sac.'),
(5,'plant embryo','A whole plant that participates in the plant embryo stage.','cultured plant embryo','A plant embryo that is grown or maintained in vitro.'),
(6,'plant embryo','A whole plant that participates in the plant embryo stage.','somatic plant embryo','A plant embryo that arises from previously differentiated somatic cells, rather than from fused gametes, i.e. the plant zygote.'),
(7,'plant embryo','A whole plant that participates in the plant embryo stage.','zygotic plant embryo','A plant embryo that forms as a result of the fusion of gametes.'),
(8,'plant spore','A whole plant that arises through meiosis and is contained in a spore wall.','megaspore','The larger, in general, of the two kinds of spores produced after meiosis in the life cycle of a heterosporous plant, and on germination giving rise to the female gametophyte (embryo sac).'),
(9,'plant spore','A whole plant that arises through meiosis and is contained in a spore wall.','microspore','The smaller, in general, of the two kinds of spores produced after meiosis in the life cycle of a heterosporous plant, and on germination giving rise to the male gametophyte.'),
(10,'thallus','A whole plant in the gametophytic phase that has a flat growth form and no distinct organs.','null','null');

